【生徒個別管理表｜補助金・管理会計】 生徒を行に追加し、月額補助金と補助期間を入れると、月ごとの必要補助金額が自動計算されます,,,,,,,,,,,,,,,,,,
※ 在籍状態が「在籍」の生徒のみ計算対象。金額・期間は見本データです,,,,,,,,,,,,,,,,,,
生徒名,コース,在籍状態,月額受講料,月額補助金,補助開始月,補助終了月,2026/07/01,2026/08/01,2026/09/01,2026/10/01,2026/11/01,2026/12/01,2027/01/01,2027/02/01,2027/03/01,2027/04/01,2027/05/01,2027/06/01
山田 花子,スタンダード,在籍,33000,22000,2026/07/01,2027/03/01,"=IF(AND($C4=""在籍"",$F4<=H$3,$G4>=H$3),$E4,0)","=IF(AND($C4=""在籍"",$F4<=I$3,$G4>=I$3),$E4,0)","=IF(AND($C4=""在籍"",$F4<=J$3,$G4>=J$3),$E4,0)","=IF(AND($C4=""在籍"",$F4<=K$3,$G4>=K$3),$E4,0)","=IF(AND($C4=""在籍"",$F4<=L$3,$G4>=L$3),$E4,0)","=IF(AND($C4=""在籍"",$F4<=M$3,$G4>=M$3),$E4,0)","=IF(AND($C4=""在籍"",$F4<=N$3,$G4>=N$3),$E4,0)","=IF(AND($C4=""在籍"",$F4<=O$3,$G4>=O$3),$E4,0)","=IF(AND($C4=""在籍"",$F4<=P$3,$G4>=P$3),$E4,0)","=IF(AND($C4=""在籍"",$F4<=Q$3,$G4>=Q$3),$E4,0)","=IF(AND($C4=""在籍"",$F4<=R$3,$G4>=R$3),$E4,0)","=IF(AND($C4=""在籍"",$F4<=S$3,$G4>=S$3),$E4,0)"
佐藤 太郎,プレミアム,在籍,55000,40000,2026/08/01,2027/07/01,"=IF(AND($C5=""在籍"",$F5<=H$3,$G5>=H$3),$E5,0)","=IF(AND($C5=""在籍"",$F5<=I$3,$G5>=I$3),$E5,0)","=IF(AND($C5=""在籍"",$F5<=J$3,$G5>=J$3),$E5,0)","=IF(AND($C5=""在籍"",$F5<=K$3,$G5>=K$3),$E5,0)","=IF(AND($C5=""在籍"",$F5<=L$3,$G5>=L$3),$E5,0)","=IF(AND($C5=""在籍"",$F5<=M$3,$G5>=M$3),$E5,0)","=IF(AND($C5=""在籍"",$F5<=N$3,$G5>=N$3),$E5,0)","=IF(AND($C5=""在籍"",$F5<=O$3,$G5>=O$3),$E5,0)","=IF(AND($C5=""在籍"",$F5<=P$3,$G5>=P$3),$E5,0)","=IF(AND($C5=""在籍"",$F5<=Q$3,$G5>=Q$3),$E5,0)","=IF(AND($C5=""在籍"",$F5<=R$3,$G5>=R$3),$E5,0)","=IF(AND($C5=""在籍"",$F5<=S$3,$G5>=S$3),$E5,0)"
鈴木 美咲,スタンダード,在籍,33000,0,2026/07/01,2026/07/01,"=IF(AND($C6=""在籍"",$F6<=H$3,$G6>=H$3),$E6,0)","=IF(AND($C6=""在籍"",$F6<=I$3,$G6>=I$3),$E6,0)","=IF(AND($C6=""在籍"",$F6<=J$3,$G6>=J$3),$E6,0)","=IF(AND($C6=""在籍"",$F6<=K$3,$G6>=K$3),$E6,0)","=IF(AND($C6=""在籍"",$F6<=L$3,$G6>=L$3),$E6,0)","=IF(AND($C6=""在籍"",$F6<=M$3,$G6>=M$3),$E6,0)","=IF(AND($C6=""在籍"",$F6<=N$3,$G6>=N$3),$E6,0)","=IF(AND($C6=""在籍"",$F6<=O$3,$G6>=O$3),$E6,0)","=IF(AND($C6=""在籍"",$F6<=P$3,$G6>=P$3),$E6,0)","=IF(AND($C6=""在籍"",$F6<=Q$3,$G6>=Q$3),$E6,0)","=IF(AND($C6=""在籍"",$F6<=R$3,$G6>=R$3),$E6,0)","=IF(AND($C6=""在籍"",$F6<=S$3,$G6>=S$3),$E6,0)"
田中 一郎,ライト,休会,16500,11000,2026/07/01,2027/06/01,"=IF(AND($C7=""在籍"",$F7<=H$3,$G7>=H$3),$E7,0)","=IF(AND($C7=""在籍"",$F7<=I$3,$G7>=I$3),$E7,0)","=IF(AND($C7=""在籍"",$F7<=J$3,$G7>=J$3),$E7,0)","=IF(AND($C7=""在籍"",$F7<=K$3,$G7>=K$3),$E7,0)","=IF(AND($C7=""在籍"",$F7<=L$3,$G7>=L$3),$E7,0)","=IF(AND($C7=""在籍"",$F7<=M$3,$G7>=M$3),$E7,0)","=IF(AND($C7=""在籍"",$F7<=N$3,$G7>=N$3),$E7,0)","=IF(AND($C7=""在籍"",$F7<=O$3,$G7>=O$3),$E7,0)","=IF(AND($C7=""在籍"",$F7<=P$3,$G7>=P$3),$E7,0)","=IF(AND($C7=""在籍"",$F7<=Q$3,$G7>=Q$3),$E7,0)","=IF(AND($C7=""在籍"",$F7<=R$3,$G7>=R$3),$E7,0)","=IF(AND($C7=""在籍"",$F7<=S$3,$G7>=S$3),$E7,0)"
高橋 結衣,スタンダード,在籍,33000,22000,2026/10/01,2027/09/01,"=IF(AND($C8=""在籍"",$F8<=H$3,$G8>=H$3),$E8,0)","=IF(AND($C8=""在籍"",$F8<=I$3,$G8>=I$3),$E8,0)","=IF(AND($C8=""在籍"",$F8<=J$3,$G8>=J$3),$E8,0)","=IF(AND($C8=""在籍"",$F8<=K$3,$G8>=K$3),$E8,0)","=IF(AND($C8=""在籍"",$F8<=L$3,$G8>=L$3),$E8,0)","=IF(AND($C8=""在籍"",$F8<=M$3,$G8>=M$3),$E8,0)","=IF(AND($C8=""在籍"",$F8<=N$3,$G8>=N$3),$E8,0)","=IF(AND($C8=""在籍"",$F8<=O$3,$G8>=O$3),$E8,0)","=IF(AND($C8=""在籍"",$F8<=P$3,$G8>=P$3),$E8,0)","=IF(AND($C8=""在籍"",$F8<=Q$3,$G8>=Q$3),$E8,0)","=IF(AND($C8=""在籍"",$F8<=R$3,$G8>=R$3),$E8,0)","=IF(AND($C8=""在籍"",$F8<=S$3,$G8>=S$3),$E8,0)"
,,,,,,,,,,,,,,,,,,
📊 必要補助金 合計,,,,,,,=SUM(H4:H8),=SUM(I4:I8),=SUM(J4:J8),=SUM(K4:K8),=SUM(L4:L8),=SUM(M4:M8),=SUM(N4:N8),=SUM(O4:O8),=SUM(P4:P8),=SUM(Q4:Q8),=SUM(R4:R8),=SUM(S4:S8)
💰 受講料収入 合計,,,,,,,"=SUMIF($C$4:$C$8,""在籍"",$D$4:$D$8)","=SUMIF($C$4:$C$8,""在籍"",$D$4:$D$8)","=SUMIF($C$4:$C$8,""在籍"",$D$4:$D$8)","=SUMIF($C$4:$C$8,""在籍"",$D$4:$D$8)","=SUMIF($C$4:$C$8,""在籍"",$D$4:$D$8)","=SUMIF($C$4:$C$8,""在籍"",$D$4:$D$8)","=SUMIF($C$4:$C$8,""在籍"",$D$4:$D$8)","=SUMIF($C$4:$C$8,""在籍"",$D$4:$D$8)","=SUMIF($C$4:$C$8,""在籍"",$D$4:$D$8)","=SUMIF($C$4:$C$8,""在籍"",$D$4:$D$8)","=SUMIF($C$4:$C$8,""在籍"",$D$4:$D$8)","=SUMIF($C$4:$C$8,""在籍"",$D$4:$D$8)"
👛 生徒自己負担 合計,,,,,,,=H11-H10,=I11-I10,=J11-J10,=K11-K10,=L11-L10,=M11-M10,=N11-N10,=O11-O10,=P11-P10,=Q11-Q10,=R11-R10,=S11-S10
